customer_id,customer_name,customer_email,customer_phone,customer_address
1,name_1,email_1@gmail.com,+91-9753088859,address_1
2,name_2,email_2@gmail.com,+91-9382311823,address_2
3,name_3,email_3@gmail.com,+91-9442422185,address_3
4,name_4,email_4@gmail.com,+91-9844492428,address_4
5,name_5,email_5@gmail.com,+91-9360413199,address_5
6,name_6,email_6@gmail.com,+91-9948126555,address_6
7,name_7,email_7@gmail.com,+91-9588663280,address_7
8,name_8,email_8@gmail.com,+91-9936379937,address_8
9,name_9,email_9@gmail.com,+91-9459533789,address_9
10,name_10,email_10@gmail.com,+91-9700719190,address_10
11,name_11,email_11@gmail.com,+91-9271517266,address_11
12,name_12,email_12@gmail.com,+91-9999961779,address_12
13,name_13,email_13@gmail.com,+91-9448790977,address_13
14,name_14,email_14@gmail.com,+91-9952504947,address_14
15,name_15,email_15@gmail.com,+91-9838354997,address_15
16,name_16,email_16@gmail.com,+91-9953742543,address_16
17,name_17,email_17@gmail.com,+91-9549873929,address_17
18,name_18,email_18@gmail.com,+91-9586594381,address_18
19,name_19,email_19@gmail.com,+91-9367975754,address_19
20,name_20,email_20@gmail.com,+91-9978742360,address_20
21,name_21,email_21@gmail.com,+91-9707687775,address_21
22,name_22,email_22@gmail.com,+91-9420163941,address_22
23,name_23,email_23@gmail.com,+91-9202357542,address_23
24,name_24,email_24@gmail.com,+91-9730645387,address_24
25,name_25,email_25@gmail.com,+91-9752795526,address_25
26,name_26,email_26@gmail.com,+91-9301181837,address_26
27,name_27,email_27@gmail.com,+91-9878197729,address_27
28,name_28,email_28@gmail.com,+91-9148152460,address_28
29,name_29,email_29@gmail.com,+91-9753333368,address_29
30,name_30,email_30@gmail.com,+91-9640578704,address_30
31,name_31,email_31@gmail.com,+91-9914002719,address_31
32,name_32,email_32@gmail.com,+91-9610180366,address_32
33,name_33,email_33@gmail.com,+91-9202677268,address_33
34,name_34,email_34@gmail.com,+91-9898751859,address_34
35,name_35,email_35@gmail.com,+91-9334635645,address_35
36,name_36,email_36@gmail.com,+91-9697007910,address_36
37,name_37,email_37@gmail.com,+91-9169551433,address_37
38,name_38,email_38@gmail.com,+91-9528633031,address_38
39,name_39,email_39@gmail.com,+91-9671148245,address_39
40,name_40,email_40@gmail.com,+91-9451291004,address_40
41,name_41,email_41@gmail.com,+91-9717350732,address_41
42,name_42,email_42@gmail.com,+91-9852243639,address_42
43,name_43,email_43@gmail.com,+91-9145766801,address_43
44,name_44,email_44@gmail.com,+91-9320283836,address_44
45,name_45,email_45@gmail.com,+91-9921310652,address_45
46,name_46,email_46@gmail.com,+91-9870746685,address_46
47,name_47,email_47@gmail.com,+91-9164240234,address_47
48,name_48,email_48@gmail.com,+91-9371714616,address_48
49,name_49,email_49@gmail.com,+91-9715419919,address_49
50,name_50,email_50@gmail.com,+91-9769008196,address_50
51,name_51,email_51@gmail.com,+91-9253528652,address_51
52,name_52,email_52@gmail.com,+91-9127357976,address_52
53,name_53,email_53@gmail.com,+91-9400458407,address_53
54,name_54,email_54@gmail.com,+91-9648704563,address_54
55,name_55,email_55@gmail.com,+91-9650305582,address_55
56,name_56,email_56@gmail.com,+91-9728166786,address_56
57,name_57,email_57@gmail.com,+91-9809685778,address_57
58,name_58,email_58@gmail.com,+91-9854038318,address_58
59,name_59,email_59@gmail.com,+91-9589874390,address_59
60,name_60,email_60@gmail.com,+91-9920405218,address_60
61,name_61,email_61@gmail.com,+91-9304743510,address_61
62,name_62,email_62@gmail.com,+91-9532059635,address_62
63,name_63,email_63@gmail.com,+91-9767075790,address_63
64,name_64,email_64@gmail.com,+91-9251313426,address_64
65,name_65,email_65@gmail.com,+91-9955979132,address_65
66,name_66,email_66@gmail.com,+91-9893539340,address_66
67,name_67,email_67@gmail.com,+91-9308827483,address_67
68,name_68,email_68@gmail.com,+91-9796676234,address_68
69,name_69,email_69@gmail.com,+91-9264919132,address_69
70,name_70,email_70@gmail.com,+91-9984590911,address_70
71,name_71,email_71@gmail.com,+91-9115284054,address_71
72,name_72,email_72@gmail.com,+91-9642304341,address_72
73,name_73,email_73@gmail.com,+91-9445904967,address_73
74,name_74,email_74@gmail.com,+91-9837739101,address_74
75,name_75,email_75@gmail.com,+91-9166996281,address_75
76,name_76,email_76@gmail.com,+91-9456844994,address_76
77,name_77,email_77@gmail.com,+91-9662031898,address_77
78,name_78,email_78@gmail.com,+91-9408014271,address_78
79,name_79,email_79@gmail.com,+91-9245004869,address_79
80,name_80,email_80@gmail.com,+91-9724527640,address_80
81,name_81,email_81@gmail.com,+91-9426861738,address_81
82,name_82,email_82@gmail.com,+91-9220359553,address_82
83,name_83,email_83@gmail.com,+91-9705123460,address_83
84,name_84,email_84@gmail.com,+91-9604517730,address_84
85,name_85,email_85@gmail.com,+91-9853355425,address_85
86,name_86,email_86@gmail.com,+91-9394671907,address_86
87,name_87,email_87@gmail.com,+91-9703833002,address_87
88,name_88,email_88@gmail.com,+91-9459588096,address_88
89,name_89,email_89@gmail.com,+91-9951110833,address_89
90,name_90,email_90@gmail.com,+91-9100993157,address_90
91,name_91,email_91@gmail.com,+91-9613839475,address_91
92,name_92,email_92@gmail.com,+91-9168246887,address_92
93,name_93,email_93@gmail.com,+91-9746008136,address_93
94,name_94,email_94@gmail.com,+91-9316301295,address_94
95,name_95,email_95@gmail.com,+91-9899029506,address_95
96,name_96,email_96@gmail.com,+91-9867914421,address_96
97,name_97,email_97@gmail.com,+91-9335857433,address_97
98,name_98,email_98@gmail.com,+91-9643246591,address_98
99,name_99,email_99@gmail.com,+91-9479320556,address_99
100,name_100,email_100@gmail.com,+91-9214659650,address_100
101,name_101,email_101@gmail.com,+91-9713552961,address_101
102,name_102,email_102@gmail.com,+91-9380805060,address_102
103,name_103,email_103@gmail.com,+91-9598943846,address_103
104,name_104,email_104@gmail.com,+91-9891048170,address_104
105,name_105,email_105@gmail.com,+91-9600516967,address_105
106,name_106,email_106@gmail.com,+91-9127678786,address_106
107,name_107,email_107@gmail.com,+91-9899139674,address_107
108,name_108,email_108@gmail.com,+91-9240848614,address_108
109,name_109,email_109@gmail.com,+91-9180076402,address_109
110,name_110,email_110@gmail.com,+91-9777614959,address_110
111,name_111,email_111@gmail.com,+91-9322699042,address_111
112,name_112,email_112@gmail.com,+91-9365187760,address_112
113,name_113,email_113@gmail.com,+91-9825161999,address_113
114,name_114,email_114@gmail.com,+91-9782916062,address_114
115,name_115,email_115@gmail.com,+91-9572228642,address_115
116,name_116,email_116@gmail.com,+91-9716782277,address_116
117,name_117,email_117@gmail.com,+91-9200907291,address_117
118,name_118,email_118@gmail.com,+91-9652067206,address_118
119,name_119,email_119@gmail.com,+91-9192974368,address_119
120,name_120,email_120@gmail.com,+91-9649044974,address_120
121,name_121,email_121@gmail.com,+91-9799248710,address_121
122,name_122,email_122@gmail.com,+91-9105366114,address_122
123,name_123,email_123@gmail.com,+91-9180473500,address_123
124,name_124,email_124@gmail.com,+91-9142638344,address_124
125,name_125,email_125@gmail.com,+91-9996490322,address_125
126,name_126,email_126@gmail.com,+91-9576508949,address_126
127,name_127,email_127@gmail.com,+91-9303593947,address_127
128,name_128,email_128@gmail.com,+91-9611668731,address_128
129,name_129,email_129@gmail.com,+91-9820945229,address_129
130,name_130,email_130@gmail.com,+91-9669494378,address_130
131,name_131,email_131@gmail.com,+91-9421096647,address_131
132,name_132,email_132@gmail.com,+91-9998976336,address_132
133,name_133,email_133@gmail.com,+91-9184633182,address_133
134,name_134,email_134@gmail.com,+91-9290344514,address_134
135,name_135,email_135@gmail.com,+91-9436866225,address_135
136,name_136,email_136@gmail.com,+91-9326556670,address_136
137,name_137,email_137@gmail.com,+91-9929100366,address_137
138,name_138,email_138@gmail.com,+91-9411663036,address_138
139,name_139,email_139@gmail.com,+91-9988050958,address_139
140,name_140,email_140@gmail.com,+91-9867724559,address_140
141,name_141,email_141@gmail.com,+91-9897048474,address_141
142,name_142,email_142@gmail.com,+91-9843122582,address_142
143,name_143,email_143@gmail.com,+91-9483249957,address_143
144,name_144,email_144@gmail.com,+91-9975461829,address_144
145,name_145,email_145@gmail.com,+91-9643510503,address_145
146,name_146,email_146@gmail.com,+91-9548152075,address_146
147,name_147,email_147@gmail.com,+91-9509980894,address_147
148,name_148,email_148@gmail.com,+91-9303490835,address_148
149,name_149,email_149@gmail.com,+91-9549184508,address_149
150,name_150,email_150@gmail.com,+91-9734439639,address_150
151,name_151,email_151@gmail.com,+91-9412540646,address_151
152,name_152,email_152@gmail.com,+91-9158760138,address_152
153,name_153,email_153@gmail.com,+91-9768730965,address_153
154,name_154,email_154@gmail.com,+91-9221441652,address_154
155,name_155,email_155@gmail.com,+91-9855506640,address_155
156,name_156,email_156@gmail.com,+91-9265863238,address_156
157,name_157,email_157@gmail.com,+91-9734226327,address_157
158,name_158,email_158@gmail.com,+91-9141239641,address_158
159,name_159,email_159@gmail.com,+91-9286487035,address_159
160,name_160,email_160@gmail.com,+91-9193198669,address_160
161,name_161,email_161@gmail.com,+91-9697675788,address_161
162,name_162,email_162@gmail.com,+91-9665089787,address_162
163,name_163,email_163@gmail.com,+91-9349489966,address_163
164,name_164,email_164@gmail.com,+91-9242327779,address_164
165,name_165,email_165@gmail.com,+91-9114385179,address_165
166,name_166,email_166@gmail.com,+91-9721045750,address_166
167,name_167,email_167@gmail.com,+91-9450141734,address_167
168,name_168,email_168@gmail.com,+91-9204707475,address_168
169,name_169,email_169@gmail.com,+91-9517785211,address_169
170,name_170,email_170@gmail.com,+91-9789151822,address_170
171,name_171,email_171@gmail.com,+91-9487404005,address_171
172,name_172,email_172@gmail.com,+91-9101308542,address_172
173,name_173,email_173@gmail.com,+91-9652695468,address_173
174,name_174,email_174@gmail.com,+91-9900446869,address_174
175,name_175,email_175@gmail.com,+91-9240427214,address_175
176,name_176,email_176@gmail.com,+91-9493742990,address_176
177,name_177,email_177@gmail.com,+91-9270264261,address_177
178,name_178,email_178@gmail.com,+91-9496953369,address_178
179,name_179,email_179@gmail.com,+91-9260053756,address_179
180,name_180,email_180@gmail.com,+91-9372587785,address_180
181,name_181,email_181@gmail.com,+91-9393806741,address_181
182,name_182,email_182@gmail.com,+91-9698337791,address_182
183,name_183,email_183@gmail.com,+91-9999824527,address_183
184,name_184,email_184@gmail.com,+91-9735446324,address_184
185,name_185,email_185@gmail.com,+91-9668118274,address_185
186,name_186,email_186@gmail.com,+91-9960722207,address_186
187,name_187,email_187@gmail.com,+91-9360776163,address_187
188,name_188,email_188@gmail.com,+91-9408836948,address_188
189,name_189,email_189@gmail.com,+91-9565601550,address_189
190,name_190,email_190@gmail.com,+91-9390992600,address_190
191,name_191,email_191@gmail.com,+91-9443764155,address_191
192,name_192,email_192@gmail.com,+91-9458516538,address_192
193,name_193,email_193@gmail.com,+91-9344886005,address_193
194,name_194,email_194@gmail.com,+91-9664437464,address_194
195,name_195,email_195@gmail.com,+91-9414975021,address_195
196,name_196,email_196@gmail.com,+91-9436397604,address_196
197,name_197,email_197@gmail.com,+91-9803381877,address_197
198,name_198,email_198@gmail.com,+91-9370923204,address_198
199,name_199,email_199@gmail.com,+91-9803837284,address_199
200,name_200,email_200@gmail.com,+91-9495622100,address_200
201,name_201,email_201@gmail.com,+91-9239420527,address_201
202,name_202,email_202@gmail.com,+91-9136390291,address_202
203,name_203,email_203@gmail.com,+91-9587888983,address_203
204,name_204,email_204@gmail.com,+91-9526074817,address_204
205,name_205,email_205@gmail.com,+91-9994907758,address_205
206,name_206,email_206@gmail.com,+91-9820206253,address_206
207,name_207,email_207@gmail.com,+91-9673880892,address_207
208,name_208,email_208@gmail.com,+91-9580348445,address_208
209,name_209,email_209@gmail.com,+91-9498224101,address_209
210,name_210,email_210@gmail.com,+91-9709164046,address_210
211,name_211,email_211@gmail.com,+91-9847941139,address_211
212,name_212,email_212@gmail.com,+91-9319844213,address_212
213,name_213,email_213@gmail.com,+91-9996115198,address_213
214,name_214,email_214@gmail.com,+91-9376713952,address_214
215,name_215,email_215@gmail.com,+91-9195670975,address_215
216,name_216,email_216@gmail.com,+91-9147006399,address_216
217,name_217,email_217@gmail.com,+91-9376590008,address_217
218,name_218,email_218@gmail.com,+91-9544854077,address_218
219,name_219,email_219@gmail.com,+91-9263785098,address_219
220,name_220,email_220@gmail.com,+91-9150724760,address_220
221,name_221,email_221@gmail.com,+91-9748929243,address_221
222,name_222,email_222@gmail.com,+91-9206864064,address_222
223,name_223,email_223@gmail.com,+91-9312669187,address_223
224,name_224,email_224@gmail.com,+91-9486306580,address_224
225,name_225,email_225@gmail.com,+91-9924672560,address_225
226,name_226,email_226@gmail.com,+91-9291617710,address_226
227,name_227,email_227@gmail.com,+91-9690031035,address_227
228,name_228,email_228@gmail.com,+91-9931823554,address_228
229,name_229,email_229@gmail.com,+91-9407089552,address_229
230,name_230,email_230@gmail.com,+91-9487405298,address_230
231,name_231,email_231@gmail.com,+91-9498252015,address_231
232,name_232,email_232@gmail.com,+91-9233157540,address_232
233,name_233,email_233@gmail.com,+91-9470844930,address_233
234,name_234,email_234@gmail.com,+91-9630652499,address_234
235,name_235,email_235@gmail.com,+91-9904092053,address_235
236,name_236,email_236@gmail.com,+91-9390608542,address_236
237,name_237,email_237@gmail.com,+91-9545433238,address_237
238,name_238,email_238@gmail.com,+91-9450388521,address_238
239,name_239,email_239@gmail.com,+91-9819841241,address_239
240,name_240,email_240@gmail.com,+91-9667983287,address_240
241,name_241,email_241@gmail.com,+91-9812517365,address_241
242,name_242,email_242@gmail.com,+91-9774046075,address_242
243,name_243,email_243@gmail.com,+91-9988426970,address_243
244,name_244,email_244@gmail.com,+91-9744940802,address_244
245,name_245,email_245@gmail.com,+91-9711798683,address_245
246,name_246,email_246@gmail.com,+91-9840824565,address_246
247,name_247,email_247@gmail.com,+91-9111111197,address_247
248,name_248,email_248@gmail.com,+91-9127650124,address_248
249,name_249,email_249@gmail.com,+91-9111732785,address_249
250,name_250,email_250@gmail.com,+91-9244511231,address_250
251,name_251,email_251@gmail.com,+91-9494037378,address_251
252,name_252,email_252@gmail.com,+91-9440002914,address_252
253,name_253,email_253@gmail.com,+91-9896533397,address_253
254,name_254,email_254@gmail.com,+91-9394602203,address_254
255,name_255,email_255@gmail.com,+91-9784996623,address_255
256,name_256,email_256@gmail.com,+91-9200948361,address_256
257,name_257,email_257@gmail.com,+91-9720986533,address_257
258,name_258,email_258@gmail.com,+91-9599188111,address_258
259,name_259,email_259@gmail.com,+91-9401741072,address_259
260,name_260,email_260@gmail.com,+91-9177803748,address_260
261,name_261,email_261@gmail.com,+91-9624500244,address_261
262,name_262,email_262@gmail.com,+91-9348341439,address_262
263,name_263,email_263@gmail.com,+91-9674006160,address_263
264,name_264,email_264@gmail.com,+91-9426817922,address_264
265,name_265,email_265@gmail.com,+91-9969688282,address_265
266,name_266,email_266@gmail.com,+91-9911416148,address_266
267,name_267,email_267@gmail.com,+91-9827119956,address_267
268,name_268,email_268@gmail.com,+91-9415066972,address_268
269,name_269,email_269@gmail.com,+91-9510188824,address_269
270,name_270,email_270@gmail.com,+91-9910932469,address_270
271,name_271,email_271@gmail.com,+91-9879532279,address_271
272,name_272,email_272@gmail.com,+91-9190524296,address_272
273,name_273,email_273@gmail.com,+91-9942129775,address_273
274,name_274,email_274@gmail.com,+91-9988292061,address_274
275,name_275,email_275@gmail.com,+91-9884605165,address_275
276,name_276,email_276@gmail.com,+91-9430851365,address_276
277,name_277,email_277@gmail.com,+91-9926656507,address_277
278,name_278,email_278@gmail.com,+91-9523016087,address_278
279,name_279,email_279@gmail.com,+91-9491175463,address_279
280,name_280,email_280@gmail.com,+91-9918669481,address_280
281,name_281,email_281@gmail.com,+91-9349892719,address_281
282,name_282,email_282@gmail.com,+91-9611848534,address_282
283,name_283,email_283@gmail.com,+91-9978143090,address_283
284,name_284,email_284@gmail.com,+91-9794858322,address_284
285,name_285,email_285@gmail.com,+91-9713502528,address_285
286,name_286,email_286@gmail.com,+91-9227584060,address_286
287,name_287,email_287@gmail.com,+91-9580767431,address_287
288,name_288,email_288@gmail.com,+91-9907059800,address_288
289,name_289,email_289@gmail.com,+91-9161300164,address_289
290,name_290,email_290@gmail.com,+91-9712990189,address_290
291,name_291,email_291@gmail.com,+91-9391344482,address_291
292,name_292,email_292@gmail.com,+91-9857905934,address_292
293,name_293,email_293@gmail.com,+91-9697560278,address_293
294,name_294,email_294@gmail.com,+91-9237938923,address_294
295,name_295,email_295@gmail.com,+91-9241653706,address_295
296,name_296,email_296@gmail.com,+91-9691604585,address_296
297,name_297,email_297@gmail.com,+91-9186281162,address_297
298,name_298,email_298@gmail.com,+91-9704671423,address_298
299,name_299,email_299@gmail.com,+91-9816224299,address_299
300,name_300,email_300@gmail.com,+91-9484597354,address_300
301,name_301,email_301@gmail.com,+91-9249710603,address_301
302,name_302,email_302@gmail.com,+91-9656740728,address_302
303,name_303,email_303@gmail.com,+91-9652234920,address_303
304,name_304,email_304@gmail.com,+91-9167839636,address_304
305,name_305,email_305@gmail.com,+91-9652374460,address_305
306,name_306,email_306@gmail.com,+91-9774916763,address_306
307,name_307,email_307@gmail.com,+91-9646035318,address_307
308,name_308,email_308@gmail.com,+91-9490271325,address_308
309,name_309,email_309@gmail.com,+91-9122233513,address_309
310,name_310,email_310@gmail.com,+91-9538542225,address_310
311,name_311,email_311@gmail.com,+91-9337827550,address_311
312,name_312,email_312@gmail.com,+91-9216595488,address_312
313,name_313,email_313@gmail.com,+91-9648049462,address_313
314,name_314,email_314@gmail.com,+91-9566474557,address_314
315,name_315,email_315@gmail.com,+91-9189280143,address_315
316,name_316,email_316@gmail.com,+91-9163713844,address_316
317,name_317,email_317@gmail.com,+91-9554953482,address_317
318,name_318,email_318@gmail.com,+91-9144070293,address_318
319,name_319,email_319@gmail.com,+91-9769457879,address_319
320,name_320,email_320@gmail.com,+91-9829501131,address_320
321,name_321,email_321@gmail.com,+91-9228994917,address_321
322,name_322,email_322@gmail.com,+91-9505632098,address_322
323,name_323,email_323@gmail.com,+91-9230081695,address_323
324,name_324,email_324@gmail.com,+91-9584194572,address_324
325,name_325,email_325@gmail.com,+91-9980283151,address_325
326,name_326,email_326@gmail.com,+91-9813118083,address_326
327,name_327,email_327@gmail.com,+91-9923189769,address_327
328,name_328,email_328@gmail.com,+91-9768883332,address_328
329,name_329,email_329@gmail.com,+91-9903324720,address_329
330,name_330,email_330@gmail.com,+91-9963129852,address_330
331,name_331,email_331@gmail.com,+91-9365759638,address_331
332,name_332,email_332@gmail.com,+91-9984827272,address_332
333,name_333,email_333@gmail.com,+91-9671837631,address_333
334,name_334,email_334@gmail.com,+91-9913383083,address_334
335,name_335,email_335@gmail.com,+91-9803546099,address_335
336,name_336,email_336@gmail.com,+91-9782803406,address_336
337,name_337,email_337@gmail.com,+91-9871186464,address_337
338,name_338,email_338@gmail.com,+91-9235603315,address_338
339,name_339,email_339@gmail.com,+91-9989161801,address_339
340,name_340,email_340@gmail.com,+91-9705824706,address_340
341,name_341,email_341@gmail.com,+91-9766379923,address_341
342,name_342,email_342@gmail.com,+91-9235407361,address_342
343,name_343,email_343@gmail.com,+91-9372766902,address_343
344,name_344,email_344@gmail.com,+91-9299532352,address_344
345,name_345,email_345@gmail.com,+91-9524823482,address_345
346,name_346,email_346@gmail.com,+91-9239371305,address_346
347,name_347,email_347@gmail.com,+91-9446621748,address_347
348,name_348,email_348@gmail.com,+91-9426338080,address_348
349,name_349,email_349@gmail.com,+91-9581649147,address_349
350,name_350,email_350@gmail.com,+91-9961042718,address_350
351,name_351,email_351@gmail.com,+91-9389669648,address_351
352,name_352,email_352@gmail.com,+91-9925630618,address_352
353,name_353,email_353@gmail.com,+91-9982427909,address_353
354,name_354,email_354@gmail.com,+91-9650956415,address_354
355,name_355,email_355@gmail.com,+91-9728599884,address_355
356,name_356,email_356@gmail.com,+91-9956649498,address_356
357,name_357,email_357@gmail.com,+91-9273660281,address_357
358,name_358,email_358@gmail.com,+91-9678073244,address_358
359,name_359,email_359@gmail.com,+91-9437530913,address_359
360,name_360,email_360@gmail.com,+91-9147822625,address_360
361,name_361,email_361@gmail.com,+91-9462799497,address_361
362,name_362,email_362@gmail.com,+91-9801527675,address_362
363,name_363,email_363@gmail.com,+91-9717061269,address_363
364,name_364,email_364@gmail.com,+91-9268876423,address_364
365,name_365,email_365@gmail.com,+91-9181110330,address_365
366,name_366,email_366@gmail.com,+91-9293153324,address_366
367,name_367,email_367@gmail.com,+91-9519264877,address_367
368,name_368,email_368@gmail.com,+91-9142057262,address_368
369,name_369,email_369@gmail.com,+91-9627439725,address_369
370,name_370,email_370@gmail.com,+91-9916895314,address_370
371,name_371,email_371@gmail.com,+91-9107675404,address_371
372,name_372,email_372@gmail.com,+91-9727458703,address_372
373,name_373,email_373@gmail.com,+91-9780616663,address_373
374,name_374,email_374@gmail.com,+91-9717443930,address_374
375,name_375,email_375@gmail.com,+91-9555210369,address_375
376,name_376,email_376@gmail.com,+91-9910059607,address_376
377,name_377,email_377@gmail.com,+91-9734492930,address_377
378,name_378,email_378@gmail.com,+91-9496989457,address_378
379,name_379,email_379@gmail.com,+91-9191943085,address_379
380,name_380,email_380@gmail.com,+91-9228272349,address_380
381,name_381,email_381@gmail.com,+91-9352985434,address_381
382,name_382,email_382@gmail.com,+91-9888952885,address_382
383,name_383,email_383@gmail.com,+91-9465892681,address_383
384,name_384,email_384@gmail.com,+91-9790114407,address_384
385,name_385,email_385@gmail.com,+91-9763857145,address_385
386,name_386,email_386@gmail.com,+91-9344988925,address_386
387,name_387,email_387@gmail.com,+91-9671319546,address_387
388,name_388,email_388@gmail.com,+91-9600095177,address_388
389,name_389,email_389@gmail.com,+91-9242873214,address_389
390,name_390,email_390@gmail.com,+91-9734080432,address_390
391,name_391,email_391@gmail.com,+91-9759761245,address_391
392,name_392,email_392@gmail.com,+91-9292480078,address_392
393,name_393,email_393@gmail.com,+91-9122732170,address_393
394,name_394,email_394@gmail.com,+91-9327176736,address_394
395,name_395,email_395@gmail.com,+91-9112680121,address_395
396,name_396,email_396@gmail.com,+91-9838822435,address_396
397,name_397,email_397@gmail.com,+91-9922260104,address_397
398,name_398,email_398@gmail.com,+91-9934436639,address_398
399,name_399,email_399@gmail.com,+91-9457488532,address_399
400,name_400,email_400@gmail.com,+91-9742256699,address_400
401,name_401,email_401@gmail.com,+91-9257967654,address_401
402,name_402,email_402@gmail.com,+91-9866565376,address_402
403,name_403,email_403@gmail.com,+91-9475226551,address_403
404,name_404,email_404@gmail.com,+91-9203953956,address_404
405,name_405,email_405@gmail.com,+91-9756711469,address_405
406,name_406,email_406@gmail.com,+91-9240759573,address_406
407,name_407,email_407@gmail.com,+91-9964993191,address_407
408,name_408,email_408@gmail.com,+91-9510365903,address_408
409,name_409,email_409@gmail.com,+91-9710721581,address_409
410,name_410,email_410@gmail.com,+91-9902038019,address_410
411,name_411,email_411@gmail.com,+91-9559307946,address_411
412,name_412,email_412@gmail.com,+91-9294001055,address_412
413,name_413,email_413@gmail.com,+91-9440508439,address_413
414,name_414,email_414@gmail.com,+91-9297220249,address_414
415,name_415,email_415@gmail.com,+91-9583407828,address_415
416,name_416,email_416@gmail.com,+91-9365636788,address_416
417,name_417,email_417@gmail.com,+91-9510708563,address_417
418,name_418,email_418@gmail.com,+91-9990698667,address_418
419,name_419,email_419@gmail.com,+91-9725706199,address_419
420,name_420,email_420@gmail.com,+91-9338283033,address_420
421,name_421,email_421@gmail.com,+91-9320387617,address_421
422,name_422,email_422@gmail.com,+91-9945365711,address_422
423,name_423,email_423@gmail.com,+91-9472537494,address_423
424,name_424,email_424@gmail.com,+91-9137049329,address_424
425,name_425,email_425@gmail.com,+91-9235215871,address_425
426,name_426,email_426@gmail.com,+91-9246500817,address_426
427,name_427,email_427@gmail.com,+91-9797844632,address_427
428,name_428,email_428@gmail.com,+91-9626571331,address_428
429,name_429,email_429@gmail.com,+91-9971446827,address_429
430,name_430,email_430@gmail.com,+91-9686335869,address_430
431,name_431,email_431@gmail.com,+91-9300659322,address_431
432,name_432,email_432@gmail.com,+91-9318089825,address_432
433,name_433,email_433@gmail.com,+91-9863980715,address_433
434,name_434,email_434@gmail.com,+91-9195249574,address_434
435,name_435,email_435@gmail.com,+91-9664820512,address_435
436,name_436,email_436@gmail.com,+91-9815430244,address_436
437,name_437,email_437@gmail.com,+91-9531181709,address_437
438,name_438,email_438@gmail.com,+91-9326585593,address_438
439,name_439,email_439@gmail.com,+91-9147182407,address_439
440,name_440,email_440@gmail.com,+91-9907343408,address_440
441,name_441,email_441@gmail.com,+91-9559149234,address_441
442,name_442,email_442@gmail.com,+91-9951199248,address_442
443,name_443,email_443@gmail.com,+91-9945570766,address_443
444,name_444,email_444@gmail.com,+91-9316266061,address_444
445,name_445,email_445@gmail.com,+91-9764333277,address_445
446,name_446,email_446@gmail.com,+91-9605951248,address_446
447,name_447,email_447@gmail.com,+91-9239322125,address_447
448,name_448,email_448@gmail.com,+91-9491263969,address_448
449,name_449,email_449@gmail.com,+91-9561509719,address_449
450,name_450,email_450@gmail.com,+91-9187535650,address_450
451,name_451,email_451@gmail.com,+91-9571818340,address_451
452,name_452,email_452@gmail.com,+91-9811925255,address_452
453,name_453,email_453@gmail.com,+91-9895574465,address_453
454,name_454,email_454@gmail.com,+91-9945419019,address_454
455,name_455,email_455@gmail.com,+91-9979694910,address_455
456,name_456,email_456@gmail.com,+91-9785909482,address_456
457,name_457,email_457@gmail.com,+91-9344846879,address_457
458,name_458,email_458@gmail.com,+91-9833532130,address_458
459,name_459,email_459@gmail.com,+91-9369114114,address_459
460,name_460,email_460@gmail.com,+91-9904812034,address_460
461,name_461,email_461@gmail.com,+91-9246583422,address_461
462,name_462,email_462@gmail.com,+91-9598202593,address_462
463,name_463,email_463@gmail.com,+91-9485997502,address_463
464,name_464,email_464@gmail.com,+91-9386215569,address_464
465,name_465,email_465@gmail.com,+91-9585004753,address_465
466,name_466,email_466@gmail.com,+91-9347486513,address_466
467,name_467,email_467@gmail.com,+91-9839875976,address_467
468,name_468,email_468@gmail.com,+91-9655369929,address_468
469,name_469,email_469@gmail.com,+91-9838820095,address_469
470,name_470,email_470@gmail.com,+91-9726250970,address_470
471,name_471,email_471@gmail.com,+91-9421420788,address_471
472,name_472,email_472@gmail.com,+91-9683092661,address_472
473,name_473,email_473@gmail.com,+91-9209408091,address_473
474,name_474,email_474@gmail.com,+91-9387894944,address_474
475,name_475,email_475@gmail.com,+91-9789558154,address_475
476,name_476,email_476@gmail.com,+91-9320308948,address_476
477,name_477,email_477@gmail.com,+91-9148129781,address_477
478,name_478,email_478@gmail.com,+91-9721025369,address_478
479,name_479,email_479@gmail.com,+91-9591651410,address_479
480,name_480,email_480@gmail.com,+91-9207718137,address_480
481,name_481,email_481@gmail.com,+91-9989333531,address_481
482,name_482,email_482@gmail.com,+91-9509441072,address_482
483,name_483,email_483@gmail.com,+91-9628928072,address_483
484,name_484,email_484@gmail.com,+91-9874955271,address_484
485,name_485,email_485@gmail.com,+91-9291306511,address_485
486,name_486,email_486@gmail.com,+91-9697555386,address_486
487,name_487,email_487@gmail.com,+91-9602889230,address_487
488,name_488,email_488@gmail.com,+91-9956002220,address_488
489,name_489,email_489@gmail.com,+91-9917250281,address_489
490,name_490,email_490@gmail.com,+91-9883517970,address_490
491,name_491,email_491@gmail.com,+91-9328700473,address_491
492,name_492,email_492@gmail.com,+91-9759822429,address_492
493,name_493,email_493@gmail.com,+91-9702972324,address_493
494,name_494,email_494@gmail.com,+91-9459597009,address_494
495,name_495,email_495@gmail.com,+91-9265171901,address_495
496,name_496,email_496@gmail.com,+91-9761992712,address_496
497,name_497,email_497@gmail.com,+91-9811723261,address_497
498,name_498,email_498@gmail.com,+91-9283062074,address_498
499,name_499,email_499@gmail.com,+91-9803198655,address_499
500,name_500,email_500@gmail.com,+91-9886297337,address_500
501,name_501,email_501@gmail.com,+91-9202814880,address_501
502,name_502,email_502@gmail.com,+91-9126674455,address_502
503,name_503,email_503@gmail.com,+91-9628660977,address_503
504,name_504,email_504@gmail.com,+91-9686877391,address_504
505,name_505,email_505@gmail.com,+91-9756199597,address_505
506,name_506,email_506@gmail.com,+91-9472240302,address_506
507,name_507,email_507@gmail.com,+91-9771525990,address_507
508,name_508,email_508@gmail.com,+91-9398340024,address_508
509,name_509,email_509@gmail.com,+91-9852265367,address_509
510,name_510,email_510@gmail.com,+91-9897428060,address_510
511,name_511,email_511@gmail.com,+91-9586644634,address_511
512,name_512,email_512@gmail.com,+91-9674952984,address_512
513,name_513,email_513@gmail.com,+91-9844153230,address_513
514,name_514,email_514@gmail.com,+91-9600205615,address_514
515,name_515,email_515@gmail.com,+91-9391013313,address_515
516,name_516,email_516@gmail.com,+91-9416973810,address_516
517,name_517,email_517@gmail.com,+91-9185408313,address_517
518,name_518,email_518@gmail.com,+91-9218707194,address_518
519,name_519,email_519@gmail.com,+91-9556938812,address_519
520,name_520,email_520@gmail.com,+91-9895773164,address_520
521,name_521,email_521@gmail.com,+91-9644342129,address_521
522,name_522,email_522@gmail.com,+91-9270496274,address_522
523,name_523,email_523@gmail.com,+91-9402832793,address_523
524,name_524,email_524@gmail.com,+91-9603713006,address_524
525,name_525,email_525@gmail.com,+91-9453820560,address_525
526,name_526,email_526@gmail.com,+91-9779727516,address_526
527,name_527,email_527@gmail.com,+91-9968694193,address_527
528,name_528,email_528@gmail.com,+91-9489402126,address_528
529,name_529,email_529@gmail.com,+91-9448182540,address_529
530,name_530,email_530@gmail.com,+91-9594758421,address_530
531,name_531,email_531@gmail.com,+91-9339011803,address_531
532,name_532,email_532@gmail.com,+91-9620923661,address_532
533,name_533,email_533@gmail.com,+91-9527126184,address_533
534,name_534,email_534@gmail.com,+91-9972096669,address_534
535,name_535,email_535@gmail.com,+91-9531903849,address_535
536,name_536,email_536@gmail.com,+91-9916123540,address_536
537,name_537,email_537@gmail.com,+91-9110418988,address_537
538,name_538,email_538@gmail.com,+91-9600806896,address_538
539,name_539,email_539@gmail.com,+91-9600648360,address_539
540,name_540,email_540@gmail.com,+91-9747332775,address_540
541,name_541,email_541@gmail.com,+91-9765451646,address_541
542,name_542,email_542@gmail.com,+91-9384790367,address_542
543,name_543,email_543@gmail.com,+91-9821541224,address_543
544,name_544,email_544@gmail.com,+91-9850122183,address_544
545,name_545,email_545@gmail.com,+91-9723368976,address_545
546,name_546,email_546@gmail.com,+91-9714599448,address_546
547,name_547,email_547@gmail.com,+91-9817037993,address_547
548,name_548,email_548@gmail.com,+91-9621238823,address_548
549,name_549,email_549@gmail.com,+91-9621571312,address_549
550,name_550,email_550@gmail.com,+91-9111596494,address_550
551,name_551,email_551@gmail.com,+91-9117401843,address_551
552,name_552,email_552@gmail.com,+91-9898588642,address_552
553,name_553,email_553@gmail.com,+91-9917382182,address_553
554,name_554,email_554@gmail.com,+91-9407849951,address_554
555,name_555,email_555@gmail.com,+91-9946971410,address_555
556,name_556,email_556@gmail.com,+91-9400211284,address_556
557,name_557,email_557@gmail.com,+91-9720887832,address_557
558,name_558,email_558@gmail.com,+91-9942046332,address_558
559,name_559,email_559@gmail.com,+91-9148502144,address_559
560,name_560,email_560@gmail.com,+91-9525058332,address_560
561,name_561,email_561@gmail.com,+91-9512109105,address_561
562,name_562,email_562@gmail.com,+91-9631409210,address_562
563,name_563,email_563@gmail.com,+91-9428035419,address_563
564,name_564,email_564@gmail.com,+91-9739983693,address_564
565,name_565,email_565@gmail.com,+91-9422167671,address_565
566,name_566,email_566@gmail.com,+91-9538369042,address_566
567,name_567,email_567@gmail.com,+91-9438384533,address_567
568,name_568,email_568@gmail.com,+91-9238374069,address_568
569,name_569,email_569@gmail.com,+91-9253169230,address_569
570,name_570,email_570@gmail.com,+91-9842830942,address_570
571,name_571,email_571@gmail.com,+91-9951414642,address_571
572,name_572,email_572@gmail.com,+91-9248876965,address_572
573,name_573,email_573@gmail.com,+91-9669775487,address_573
574,name_574,email_574@gmail.com,+91-9672983302,address_574
575,name_575,email_575@gmail.com,+91-9281747709,address_575
576,name_576,email_576@gmail.com,+91-9450570062,address_576
577,name_577,email_577@gmail.com,+91-9396134479,address_577
578,name_578,email_578@gmail.com,+91-9681921573,address_578
579,name_579,email_579@gmail.com,+91-9330312392,address_579
580,name_580,email_580@gmail.com,+91-9484452001,address_580
581,name_581,email_581@gmail.com,+91-9296582698,address_581
582,name_582,email_582@gmail.com,+91-9629606332,address_582
583,name_583,email_583@gmail.com,+91-9306852300,address_583
584,name_584,email_584@gmail.com,+91-9562953927,address_584
585,name_585,email_585@gmail.com,+91-9479911616,address_585
586,name_586,email_586@gmail.com,+91-9751072393,address_586
587,name_587,email_587@gmail.com,+91-9189592739,address_587
588,name_588,email_588@gmail.com,+91-9269521117,address_588
589,name_589,email_589@gmail.com,+91-9915691293,address_589
590,name_590,email_590@gmail.com,+91-9167249602,address_590
591,name_591,email_591@gmail.com,+91-9733257970,address_591
592,name_592,email_592@gmail.com,+91-9985421812,address_592
593,name_593,email_593@gmail.com,+91-9768098596,address_593
594,name_594,email_594@gmail.com,+91-9206983247,address_594
595,name_595,email_595@gmail.com,+91-9982668884,address_595
596,name_596,email_596@gmail.com,+91-9979554127,address_596
597,name_597,email_597@gmail.com,+91-9573075601,address_597
598,name_598,email_598@gmail.com,+91-9270024732,address_598
599,name_599,email_599@gmail.com,+91-9537294906,address_599
600,name_600,email_600@gmail.com,+91-9849776593,address_600
